INSERT INTO Metagame (name) VALUES ('Ubers');
INSERT INTO Metagame (name) VALUES ('OU');
INSERT INTO Metagame (name) VALUES ('UU');
INSERT INTO Metagame (name) VALUES ('RU');
INSERT INTO Metagame (name) VALUES ('NU');
INSERT INTO Metagame (name) VALUES ('PU');
INSERT INTO Metagame (name) VALUES ('ZU');
INSERT INTO Period (id, startDate, endDate) VALUES ('2025-07', '2025-07-01 00:00:00.000', '2025-07-31 23:59:59.997');
INSERT INTO Period (id, startDate, endDate) VALUES ('2025-08', '2025-08-01 00:00:00.000', '2025-08-31 23:59:59.997');
INSERT INTO Period (id, startDate, endDate) VALUES ('2025-09', '2025-09-01 00:00:00.000', '2025-09-30 23:59:59.997');
INSERT INTO Cutoff (elo) VALUES (0);
INSERT INTO Cutoff (elo) VALUES (1760);
INSERT INTO Cutoff (elo) VALUES (1825);
INSERT INTO MetagameAllowsPokemonFrom (parentMetagame, childMetagame) VALUES ('Ubers', 'OU');
INSERT INTO MetagameAllowsPokemonFrom (parentMetagame, childMetagame) VALUES ('Ubers', 'UU');
INSERT INTO MetagameAllowsPokemonFrom (parentMetagame, childMetagame) VALUES ('Ubers', 'RU');
INSERT INTO MetagameAllowsPokemonFrom (parentMetagame, childMetagame) VALUES ('Ubers', 'NU');
INSERT INTO MetagameAllowsPokemonFrom (parentMetagame, childMetagame) VALUES ('Ubers', 'PU');
INSERT INTO MetagameAllowsPokemonFrom (parentMetagame, childMetagame) VALUES ('Ubers', 'ZU');
INSERT INTO MetagameAllowsPokemonFrom (parentMetagame, childMetagame) VALUES ('OU', 'UU');
INSERT INTO MetagameAllowsPokemonFrom (parentMetagame, childMetagame) VALUES ('OU', 'RU');
INSERT INTO MetagameAllowsPokemonFrom (parentMetagame, childMetagame) VALUES ('OU', 'NU');
INSERT INTO MetagameAllowsPokemonFrom (parentMetagame, childMetagame) VALUES ('OU', 'PU');
INSERT INTO MetagameAllowsPokemonFrom (parentMetagame, childMetagame) VALUES ('OU', 'ZU');
INSERT INTO MetagameAllowsPokemonFrom (parentMetagame, childMetagame) VALUES ('UU', 'RU');
INSERT INTO MetagameAllowsPokemonFrom (parentMetagame, childMetagame) VALUES ('UU', 'NU');
INSERT INTO MetagameAllowsPokemonFrom (parentMetagame, childMetagame) VALUES ('UU', 'PU');
INSERT INTO MetagameAllowsPokemonFrom (parentMetagame, childMetagame) VALUES ('UU', 'ZU');
INSERT INTO MetagameAllowsPokemonFrom (parentMetagame, childMetagame) VALUES ('RU', 'NU');
INSERT INTO MetagameAllowsPokemonFrom (parentMetagame, childMetagame) VALUES ('RU', 'PU');
INSERT INTO MetagameAllowsPokemonFrom (parentMetagame, childMetagame) VALUES ('RU', 'ZU');
INSERT INTO MetagameAllowsPokemonFrom (parentMetagame, childMetagame) VALUES ('NU', 'PU');
INSERT INTO MetagameAllowsPokemonFrom (parentMetagame, childMetagame) VALUES ('NU', 'ZU');
INSERT INTO MetagameAllowsPokemonFrom (parentMetagame, childMetagame) VALUES ('PU', 'ZU');

